{"cameraMode":{"drawMode":0,"name":"Shaded","section":"Shading Mode"},"sceneLighting":false,"audioPlay":false,"sceneViewState":{"showFog":true,"showMaterialUpdate":false,"showSkybox":false,"showFlares":true,"showImageEffects":true,"showParticleSystems":true},"in2DMode":false,"pivot":{"x":9.649999618530274,"y":3.309999942779541,"z":3.489999771118164},"rotation":{"x":-0.0063093313947319988,"y":-0.0099028330296278,"z":0.00006245278927963227,"w":-0.9999330043792725},"size":4.330127239227295,"orthographic":false}