{"cameraMode":{"drawMode":0,"name":"Shaded","section":"Shading Mode"},"sceneLighting":false,"audioPlay":false,"sceneViewState":{"showFog":true,"showMaterialUpdate":false,"showSkybox":false,"showFlares":true,"showImageEffects":true,"showParticleSystems":true},"in2DMode":false,"pivot":{"x":1.1423264741897584,"y":1.6035276651382447,"z":0.13357925415039063},"rotation":{"x":-0.019801493734121324,"y":-0.02639496512711048,"z":0.0005229064845480025,"w":-0.9994566440582275},"size":11.775279998779297,"orthographic":false}