{"cameraMode":{"drawMode":0,"name":"Shaded","section":"Shading Mode"},"sceneLighting":false,"audioPlay":false,"sceneViewState":{"showFog":true,"showMaterialUpdate":false,"showSkybox":false,"showFlares":true,"showImageEffects":true,"showParticleSystems":true},"in2DMode":false,"pivot":{"x":16.568721771240236,"y":27.947738647460939,"z":-18.991844177246095},"rotation":{"x":-0.2689335346221924,"y":-0.423406720161438,"z":0.1332075446844101,"w":-0.8548007011413574},"size":0.8660253882408142,"orthographic":false}