{"cameraMode":{"drawMode":0,"name":"Shaded","section":"Shading Mode"},"sceneLighting":false,"audioPlay":false,"sceneViewState":{"showFog":true,"showMaterialUpdate":false,"showSkybox":false,"showFlares":true,"showImageEffects":true,"showParticleSystems":true},"in2DMode":false,"pivot":{"x":0.17862921953201295,"y":0.036026060581207278,"z":12.021256446838379},"rotation":{"x":-0.2466847002506256,"y":-0.019770821556448938,"z":0.005033287685364485,"w":-0.968885064125061},"size":0.9247452616691589,"orthographic":false}