{"cameraMode":{"drawMode":0,"name":"Shaded","section":"Shading Mode"},"sceneLighting":true,"audioPlay":false,"sceneViewState":{"showFog":true,"showMaterialUpdate":false,"showSkybox":true,"showFlares":true,"showImageEffects":true,"showParticleSystems":true},"in2DMode":false,"pivot":{"x":131.57302856445313,"y":-492.61065673828127,"z":963.3031005859375},"rotation":{"x":-0.21731546521186829,"y":-0.046250976622104648,"z":0.010304262861609459,"w":-0.974966824054718},"size":676.5650024414063,"orthographic":false}