{"cameraMode":{"drawMode":0,"name":"Shaded","section":"Shading Mode"},"sceneLighting":false,"audioPlay":false,"sceneViewState":{"showFog":true,"showMaterialUpdate":false,"showSkybox":false,"showFlares":true,"showImageEffects":true,"showParticleSystems":true},"in2DMode":false,"pivot":{"x":-19.051462173461915,"y":-36.193641662597659,"z":4.820827960968018},"rotation":{"x":-0.4038059711456299,"y":0.5312487483024597,"z":-0.3186771273612976,"w":-0.6731876134872437},"size":24.89311408996582,"orthographic":false}