{"cameraMode":{"drawMode":0,"name":"Shaded","section":"Shading Mode"},"sceneLighting":false,"audioPlay":false,"sceneViewState":{"showFog":true,"showMaterialUpdate":false,"showSkybox":false,"showFlares":true,"showImageEffects":true,"showParticleSystems":true},"in2DMode":false,"pivot":{"x":311.3031311035156,"y":65.28380584716797,"z":366.649169921875},"rotation":{"x":-0.28878140449523928,"y":0.3565189242362976,"z":-0.11688767373561859,"w":-0.8808309435844421},"size":19.205968856811525,"orthographic":false}