{"cameraMode":{"drawMode":0,"name":"Shaded","section":"Shading Mode"},"sceneLighting":false,"audioPlay":false,"sceneViewState":{"showFog":true,"showMaterialUpdate":false,"showSkybox":false,"showFlares":true,"showImageEffects":true,"showParticleSystems":true},"in2DMode":false,"pivot":{"x":-0.8681344985961914,"y":0.5826225280761719,"z":-0.0592801570892334},"rotation":{"x":-0.17394118010997773,"y":-0.549125075340271,"z":0.11807741969823837,"w":-0.8088827729225159},"size":4.330127239227295,"orthographic":false}