{"cameraMode":{"drawMode":0,"name":"Shaded","section":"Shading Mode"},"sceneLighting":false,"audioPlay":false,"sceneViewState":{"showFog":true,"showMaterialUpdate":false,"showSkybox":false,"showFlares":true,"showImageEffects":true,"showParticleSystems":true},"in2DMode":false,"pivot":{"x":-35.68284225463867,"y":-38.96159362792969,"z":90.14155578613281},"rotation":{"x":-0.18746544420719148,"y":0.1487623155117035,"z":-0.028734836727380754,"w":-0.9705207943916321},"size":158.7340850830078,"orthographic":false}