{"cameraMode":{"drawMode":0,"name":"Shaded","section":"Shading Mode"},"sceneLighting":false,"audioPlay":false,"sceneViewState":{"showFog":true,"showMaterialUpdate":false,"showSkybox":false,"showFlares":true,"showImageEffects":true,"showParticleSystems":true},"in2DMode":false,"pivot":{"x":-2.770000457763672,"y":0.3189946413040161,"z":1.703714370727539},"rotation":{"x":-0.22624602913856507,"y":0.026877686381340028,"z":-0.006245777476578951,"w":-0.9736827611923218},"size":11.760326385498047,"orthographic":false}