{"cameraMode":{"drawMode":0,"name":"Shaded","section":"Shading Mode"},"sceneLighting":false,"audioPlay":false,"sceneViewState":{"showFog":true,"showMaterialUpdate":false,"showSkybox":false,"showFlares":true,"showImageEffects":true,"showParticleSystems":true},"in2DMode":false,"pivot":{"x":106.88764953613281,"y":3.5081024169921877,"z":1.4289976358413697},"rotation":{"x":-0.03279511258006096,"y":0.9495159983634949,"z":-0.10612858831882477,"w":-0.29340630769729617},"size":13.296503067016602,"orthographic":false}