{"cameraMode":{"drawMode":0,"name":"Shaded","section":"Shading Mode"},"sceneLighting":false,"audioPlay":false,"sceneViewState":{"showFog":true,"showMaterialUpdate":false,"showSkybox":false,"showFlares":true,"showImageEffects":true,"showParticleSystems":true},"in2DMode":false,"pivot":{"x":0.28604140877723696,"y":-0.12586569786071778,"z":11.953850746154786},"rotation":{"x":-0.22624602913856507,"y":0.026877686381340028,"z":-0.006245777476578951,"w":-0.9736827611923218},"size":5.1247453689575199,"orthographic":false}